id,name,permission,type,parent_id,path,component,deleted
"5","OA 示例","","1","1185","oa","","false"
"1117","支付管理","","1","0","/pay","","false"
"1118","请假查询","","2","5","leave","bpm/oa/leave/index","false"
"1119","请假申请查询","bpm:oa-leave:query","3","1118","","","false"
"1120","请假申请创建","bpm:oa-leave:create","3","1118","","","false"
"1126","应用信息","","2","1117","app","pay/app/index","false"
"1127","支付应用信息查询","pay:app:query","3","1126","","","false"
"1128","支付应用信息创建","pay:app:create","3","1126","","","false"
"1129","支付应用信息更新","pay:app:update","3","1126","","","false"
"1130","支付应用信息删除","pay:app:delete","3","1126","","","false"
"1132","秘钥解析","pay:channel:parsing","3","1129","","","false"
"1133","支付商户信息查询","pay:merchant:query","3","1132","","","false"
"1134","支付商户信息创建","pay:merchant:create","3","1132","","","false"
"1135","支付商户信息更新","pay:merchant:update","3","1132","","","false"
"1136","支付商户信息删除","pay:merchant:delete","3","1132","","","false"
"1137","支付商户信息导出","pay:merchant:export","3","1132","","","false"
"1150","秘钥解析","","3","1129","","","false"
"1161","退款订单","","2","1117","refund","pay/refund/index","false"
"1162","退款订单查询","pay:refund:query","3","1161","","","false"
"1166","退款订单导出","pay:refund:export","3","1161","","","false"
"1173","支付订单","","2","1117","order","pay/order/index","false"
"1174","支付订单查询","pay:order:query","3","1173","","","false"
"1178","支付订单导出","pay:order:export","3","1173","","","false"
"1185","工作流程","","1","0","/bpm","","false"
"1186","流程管理","","1","1185","manager","","false"
"1187","流程表单","","2","1186","form","bpm/form/index","false"
"1188","表单查询","bpm:form:query","3","1187","","","false"
"1189","表单创建","bpm:form:create","3","1187","","","false"
"1190","表单更新","bpm:form:update","3","1187","","","false"
"1191","表单删除","bpm:form:delete","3","1187","","","false"
"1192","表单导出","bpm:form:export","3","1187","","","false"
"1193","流程模型","","2","1186","model","bpm/model/index","false"
"1194","模型查询","bpm:model:query","3","1193","","","false"
"1195","模型创建","bpm:model:create","3","1193","","","false"
"1197","模型更新","bpm:model:update","3","1193","","","false"
"1198","模型删除","bpm:model:delete","3","1193","","","false"
"1199","模型发布","bpm:model:deploy","3","1193","","","false"
"1200","审批中心","","2","1185","task","","false"
"1201","我的流程","","2","1200","my","bpm/processInstance/index","false"
"1202","流程实例的查询","bpm:process-instance:query","3","1201","","","false"
"1207","待办任务","","2","1200","todo","bpm/task/todo/index","false"
"1208","已办任务","","2","1200","done","bpm/task/done/index","false"
"1209","用户分组","","2","1186","user-group","bpm/group/index","false"
"1210","用户组查询","bpm:user-group:query","3","1209","","","false"
"1211","用户组创建","bpm:user-group:create","3","1209","","","false"
"1212","用户组更新","bpm:user-group:update","3","1209","","","false"
"1213","用户组删除","bpm:user-group:delete","3","1209","","","false"
"1215","流程定义查询","bpm:process-definition:query","3","1193","","","false"
"1216","流程任务分配规则查询","bpm:task-assign-rule:query","3","1193","","","false"
"1217","流程任务分配规则创建","bpm:task-assign-rule:create","3","1193","","","false"
"1218","流程任务分配规则更新","bpm:task-assign-rule:update","3","1193","","","false"
"1219","流程实例的创建","bpm:process-instance:create","3","1201","","","false"
"1220","流程实例的取消","bpm:process-instance:cancel","3","1201","","","false"
"1221","流程任务的查询","bpm:task:query","3","1207","","","false"
"1222","流程任务的更新","bpm:task:update","3","1207","","","false"
"1281","报表管理","","2","0","/report","","false"
"1282","报表设计器","","2","1281","jimu-report","report/jmreport/index","false"
"2000","商品中心","","1","2362","product","","false"
"2002","商品分类","","2","2000","category","mall/product/category/index","false"
"2003","分类查询","product:category:query","3","2002","","","false"
"2004","分类创建","product:category:create","3","2002","","","false"
"2005","分类更新","product:category:update","3","2002","","","false"
"2006","分类删除","product:category:delete","3","2002","","","false"
"2008","商品品牌","","2","2000","brand","mall/product/brand/index","false"
"2009","品牌查询","product:brand:query","3","2008","","","false"
"2010","品牌创建","product:brand:create","3","2008","","","false"
"2011","品牌更新","product:brand:update","3","2008","","","false"
"2012","品牌删除","product:brand:delete","3","2008","","","false"
"2014","商品列表","","2","2000","spu","mall/product/spu/index","false"
"2015","商品查询","product:spu:query","3","2014","","","false"
"2016","商品创建","product:spu:create","3","2014","","","false"
"2017","商品更新","product:spu:update","3","2014","","","false"
"2018","商品删除","product:spu:delete","3","2014","","","false"
"2019","商品属性","","2","2000","property","mall/product/property/index","false"
"2020","规格查询","product:property:query","3","2019","","","false"
"2021","规格创建","product:property:create","3","2019","","","false"
"2022","规格更新","product:property:update","3","2019","","","false"
"2023","规格删除","product:property:delete","3","2019","","","false"
"2025","Banner","","2","2387","banner","mall/promotion/banner/index","false"
"2026","Banner查询","promotion:banner:query","3","2025","","","false"
"2027","Banner创建","promotion:banner:create","3","2025","","","false"
"2028","Banner更新","promotion:banner:update","3","2025","","","false"
"2029","Banner删除","promotion:banner:delete","3","2025","","","false"
"2030","营销中心","","1","2362","promotion","","false"
"2032","优惠劵列表","","2","2365","template","mall/promotion/coupon/template/index","false"
"2033","优惠劵模板查询","promotion:coupon-template:query","3","2032","","","false"
"2034","优惠劵模板创建","promotion:coupon-template:create","3","2032","","","false"
"2035","优惠劵模板更新","promotion:coupon-template:update","3","2032","","","false"
"2036","优惠劵模板删除","promotion:coupon-template:delete","3","2032","","","false"
"2038","领取记录","","2","2365","list","mall/promotion/coupon/index","false"
"2039","优惠劵查询","promotion:coupon:query","3","2038","","","false"
"2040","优惠劵删除","promotion:coupon:delete","3","2038","","","false"
"2041","满减送","","2","2390","reward-activity","mall/promotion/rewardActivity/index","false"
"2042","满减送活动查询","promotion:reward-activity:query","3","2041","","","false"
"2043","满减送活动创建","promotion:reward-activity:create","3","2041","","","false"
"2044","满减送活动更新","promotion:reward-activity:update","3","2041","","","false"
"2045","满减送活动删除","promotion:reward-activity:delete","3","2041","","","false"
"2046","满减送活动关闭","promotion:reward-activity:close","3","2041","","","false"
"2047","限时折扣","","2","2390","discount-activity","mall/promotion/discountActivity/index","false"
"2048","限时折扣活动查询","promotion:discount-activity:query","3","2047","","","false"
"2049","限时折扣活动创建","promotion:discount-activity:create","3","2047","","","false"
"2050","限时折扣活动更新","promotion:discount-activity:update","3","2047","","","false"
"2051","限时折扣活动删除","promotion:discount-activity:delete","3","2047","","","false"
"2052","限时折扣活动关闭","promotion:discount-activity:close","3","2047","","","false"
"2059","秒杀商品","","2","2209","activity","mall/promotion/seckill/activity/index","false"
"2060","秒杀活动查询","promotion:seckill-activity:query","3","2059","","","false"
"2061","秒杀活动创建","promotion:seckill-activity:create","3","2059","","","false"
"2062","秒杀活动更新","promotion:seckill-activity:update","3","2059","","","false"
"2063","秒杀活动删除","promotion:seckill-activity:delete","3","2059","","","false"
"2066","秒杀时段","","2","2209","config","mall/promotion/seckill/config/index","false"
"2067","秒杀时段查询","promotion:seckill-config:query","3","2066","","","false"
"2068","秒杀时段创建","promotion:seckill-config:create","3","2066","","","false"
"2069","秒杀时段更新","promotion:seckill-config:update","3","2066","","","false"
"2070","秒杀时段删除","promotion:seckill-config:delete","3","2066","","","false"
"2072","订单中心","","1","2362","trade","","false"
"2073","售后退款","","2","2072","after-sale","mall/trade/afterSale/index","false"
"2074","售后查询","trade:after-sale:query","3","2073","","","false"
"2075","秒杀活动关闭","promotion:seckill-activity:close","3","2059","","","false"
"2076","订单列表","","2","2072","order","mall/trade/order/index","false"
"2084","公众号管理","","1","0","/mp","","false"
"2085","账号管理","","2","2084","account","mp/account/index","false"
"2086","新增账号","mp:account:create","3","2085","","","false"
"2087","修改账号","mp:account:update","3","2085","","","false"
"2088","查询账号","mp:account:query","3","2085","","","false"
"2089","删除账号","mp:account:delete","3","2085","","","false"
"2090","生成二维码","mp:account:qr-code","3","2085","","","false"
"2091","清空 API 配额","mp:account:clear-quota","3","2085","","","false"
"2092","数据统计","mp:statistics:query","2","2084","statistics","mp/statistics/index","false"
"2093","标签管理","","2","2084","tag","mp/tag/index","false"
"2094","查询标签","mp:tag:query","3","2093","","","false"
"2095","新增标签","mp:tag:create","3","2093","","","false"
"2096","修改标签","mp:tag:update","3","2093","","","false"
"2097","删除标签","mp:tag:delete","3","2093","","","false"
"2098","同步标签","mp:tag:sync","3","2093","","","false"
"2099","粉丝管理","","2","2084","user","mp/user/index","false"
"2100","查询粉丝","mp:user:query","3","2099","","","false"
"2101","修改粉丝","mp:user:update","3","2099","","","false"
"2102","同步粉丝","mp:user:sync","3","2099","","","false"
"2103","消息管理","","2","2084","message","mp/message/index","false"
"2104","图文发表记录","","2","2084","free-publish","mp/freePublish/index","false"
"2105","查询发布列表","mp:free-publish:query","3","2104","","","false"
"2106","发布草稿","mp:free-publish:submit","3","2104","","","false"
"2107","删除发布记录","mp:free-publish:delete","3","2104","","","false"
"2108","图文草稿箱","","2","2084","draft","mp/draft/index","false"
"2109","新建草稿","mp:draft:create","3","2108","","","false"
"2110","修改草稿","mp:draft:update","3","2108","","","false"
"2111","查询草稿","mp:draft:query","3","2108","","","false"
"2112","删除草稿","mp:draft:delete","3","2108","","","false"
"2113","素材管理","","2","2084","material","mp/material/index","false"
"2114","上传临时素材","mp:material:upload-temporary","3","2113","","","false"
"2115","上传永久素材","mp:material:upload-permanent","3","2113","","","false"
"2116","删除素材","mp:material:delete","3","2113","","","false"
"2117","上传图文图片","mp:material:upload-news-image","3","2113","","","false"
"2118","查询素材","mp:material:query","3","2113","","","false"
"2119","菜单管理","","2","2084","menu","mp/menu/index","false"
"2120","自动回复","","2","2084","auto-reply","mp/autoReply/index","false"
"2121","查询回复","mp:auto-reply:query","3","2120","","","false"
"2122","新增回复","mp:auto-reply:create","3","2120","","","false"
"2123","修改回复","mp:auto-reply:update","3","2120","","","false"
"2124","删除回复","mp:auto-reply:delete","3","2120","","","false"
"2125","查询菜单","mp:menu:query","3","2119","","","false"
"2126","保存菜单","mp:menu:save","3","2119","","","false"
"2127","删除菜单","mp:menu:delete","3","2119","","","false"
"2128","查询消息","mp:message:query","3","2103","","","false"
"2129","发送消息","mp:message:send","3","2103","","","false"
"2153","大屏设计器","","2","1281","go-view","report/goview/index","false"
"2154","创建项目","report:go-view-project:create","3","2153","","","false"
"2155","更新项目","report:go-view-project:update","3","2153","","","false"
"2156","查询项目","report:go-view-project:query","3","2153","","","false"
"2157","使用 SQL 查询数据","report:go-view-data:get-by-sql","3","2153","","","false"
"2158","使用 HTTP 查询数据","report:go-view-data:get-by-http","3","2153","","","false"
"2161","接入示例","","1","1117","demo","pay/demo/index","false"
"2162","商品导出","product:spu:export","3","2014","","","false"
"2164","配送管理","","1","2072","delivery","","false"
"2165","快递发货","","1","2164","express","","false"
"2166","门店自提","","1","2164","pick-up-store","","false"
"2167","快递公司","","2","2165","express","mall/trade/delivery/express/index","false"
"2168","快递公司查询","trade:delivery:express:query","3","2167","","","false"
"2169","快递公司创建","trade:delivery:express:create","3","2167","","","false"
"2170","快递公司更新","trade:delivery:express:update","3","2167","","","false"
"2171","快递公司删除","trade:delivery:express:delete","3","2167","","","false"
"2172","快递公司导出","trade:delivery:express:export","3","2167","","","false"
"2173","运费模版","trade:delivery:express-template:query","2","2165","express-template","mall/trade/delivery/expressTemplate/index","false"
"2174","快递运费模板查询","trade:delivery:express-template:query","3","2173","","","false"
"2175","快递运费模板创建","trade:delivery:express-template:create","3","2173","","","false"
"2176","快递运费模板更新","trade:delivery:express-template:update","3","2173","","","false"
"2177","快递运费模板删除","trade:delivery:express-template:delete","3","2173","","","false"
"2178","快递运费模板导出","trade:delivery:express-template:export","3","2173","","","false"
"2179","门店管理","","2","2166","pick-up-store","mall/trade/delivery/pickUpStore/index","false"
"2180","自提门店查询","trade:delivery:pick-up-store:query","3","2179","","","false"
"2181","自提门店创建","trade:delivery:pick-up-store:create","3","2179","","","false"
"2182","自提门店更新","trade:delivery:pick-up-store:update","3","2179","","","false"
"2183","自提门店删除","trade:delivery:pick-up-store:delete","3","2179","","","false"
"2184","自提门店导出","trade:delivery:pick-up-store:export","3","2179","","","false"
"2209","秒杀活动","","2","2030","seckill","","false"
"2262","会员中心","","1","0","/member","","false"
"2275","会员配置","","2","2262","config","member/config/index","false"
"2276","会员配置查询","member:config:query","3","2275","","","false"
"2277","会员配置保存","member:config:save","3","2275","","","false"
"2281","签到配置","","2","2300","config","member/signin/config/index","false"
"2282","积分签到规则查询","point:sign-in-config:query","3","2281","","","false"
"2283","积分签到规则创建","point:sign-in-config:create","3","2281","","","false"
"2284","积分签到规则更新","point:sign-in-config:update","3","2281","","","false"
"2285","积分签到规则删除","point:sign-in-config:delete","3","2281","","","false"
"2287","会员积分","","2","2262","record","member/point/record/index","false"
"2288","用户积分记录查询","point:record:query","3","2287","","","false"
"2293","签到记录","","2","2300","record","member/signin/record/index","false"
"2294","用户签到积分查询","point:sign-in-record:query","3","2293","","","false"
"2297","用户签到积分删除","point:sign-in-record:delete","3","2293","","","false"
"2300","会员签到","","1","2262","signin","","false"
"2301","回调通知","","2","1117","notify","pay/notify/index","false"
"2302","支付通知查询","pay:notify:query","3","2301","","","false"
"2303","拼团活动","","2","2030","combination","","false"
"2304","拼团商品","","2","2303","acitivity","mall/promotion/combination/activity/index","false"
"2305","拼团活动查询","promotion:combination-activity:query","3","2304","","","false"
"2306","拼团活动创建","promotion:combination-activity:create","3","2304","","","false"
"2307","拼团活动更新","promotion:combination-activity:update","3","2304","","","false"
"2308","拼团活动删除","promotion:combination-activity:delete","3","2304","","","false"
"2309","拼团活动关闭","promotion:combination-activity:close","3","2304","","","false"
"2310","砍价活动","","2","2030","bargain","","false"
"2311","砍价商品","","2","2310","activity","mall/promotion/bargain/activity/index","false"
"2312","砍价活动查询","promotion:bargain-activity:query","3","2311","","","false"
"2313","砍价活动创建","promotion:bargain-activity:create","3","2311","","","false"
"2314","砍价活动更新","promotion:bargain-activity:update","3","2311","","","false"
"2315","砍价活动删除","promotion:bargain-activity:delete","3","2311","","","false"
"2316","砍价活动关闭","promotion:bargain-activity:close","3","2311","","","false"
"2317","会员管理","","2","2262","user","member/user/index","false"
"2318","会员用户查询","member:user:query","3","2317","","","false"
"2319","会员用户更新","member:user:update","3","2317","","","false"
"2320","会员标签","","2","2262","tag","member/tag/index","false"
"2321","会员标签查询","member:tag:query","3","2320","","","false"
"2322","会员标签创建","member:tag:create","3","2320","","","false"
"2323","会员标签更新","member:tag:update","3","2320","","","false"
"2324","会员标签删除","member:tag:delete","3","2320","","","false"
"2325","会员等级","","2","2262","level","member/level/index","false"
"2326","会员等级查询","member:level:query","3","2325","","","false"
"2327","会员等级创建","member:level:create","3","2325","","","false"
"2328","会员等级更新","member:level:update","3","2325","","","false"
"2329","会员等级删除","member:level:delete","3","2325","","","false"
"2330","会员分组","","2","2262","group","member/group/index","false"
"2331","用户分组查询","member:group:query","3","2330","","","false"
"2332","用户分组创建","member:group:create","3","2330","","","false"
"2333","用户分组更新","member:group:update","3","2330","","","false"
"2334","用户分组删除","member:group:delete","3","2330","","","false"
"2335","用户等级修改","member:user:update-level","3","2317","","","false"
"2336","商品评论","","2","2000","comment","mall/product/comment/index","false"
"2337","评论查询","product:comment:query","3","2336","","","false"
"2338","添加自评","product:comment:create","3","2336","","","false"
"2339","商家回复","product:comment:update","3","2336","","","false"
"2340","显隐评论","product:comment:update","3","2336","","","false"
"2341","优惠劵发送","promotion:coupon:send","3","2038","","","false"
"2342","交易配置","","2","2072","config","mall/trade/config/index","false"
"2343","交易中心配置查询","trade:config:query","3","2342","","","false"
"2344","交易中心配置保存","trade:config:save","3","2342","","","false"
"2345","分销管理","","1","2072","brokerage","","false"
"2346","分销用户","","2","2345","brokerage-user","mall/trade/brokerage/user/index","false"
"2347","分销用户查询","trade:brokerage-user:query","3","2346","","","false"
"2348","分销用户推广人查询","trade:brokerage-user:user-query","3","2346","","","false"
"2349","分销用户推广订单查询","trade:brokerage-user:order-query","3","2346","","","false"
"2350","分销用户修改推广资格","trade:brokerage-user:update-brokerage-enable","3","2346","","","false"
"2351","修改推广员","trade:brokerage-user:update-bind-user","3","2346","","","false"
"2352","清除推广员","trade:brokerage-user:clear-bind-user","3","2346","","","false"
"2353","佣金记录","","2","2345","brokerage-record","mall/trade/brokerage/record/index","false"
"2354","佣金记录查询","trade:brokerage-record:query","3","2353","","","false"
"2355","佣金提现","","2","2345","brokerage-withdraw","mall/trade/brokerage/withdraw/index","false"
"2356","佣金提现查询","trade:brokerage-withdraw:query","3","2355","","","false"
"2357","佣金提现审核","trade:brokerage-withdraw:audit","3","2355","","","false"
"2358","统计中心","","1","2362","statistics","","false"
"2359","交易统计","","2","2358","trade","mall/statistics/trade/index","false"
"2360","交易统计查询","statistics:trade:query","3","2359","","","false"
"2361","交易统计导出","statistics:trade:export","3","2359","","","false"
"2362","商城系统","","1","0","/mall","","false"
"2363","用户积分修改","member:user:update-point","3","2317","","","false"
"2364","用户余额修改","pay:wallet:update-balance","3","2317","","","false"
"2365","优惠劵","","1","2030","coupon","","false"
"2366","砍价记录","","2","2310","record","mall/promotion/bargain/record/index","false"
"2367","砍价记录查询","promotion:bargain-record:query","3","2366","","","false"
"2368","助力记录查询","promotion:bargain-help:query","3","2366","","","false"
"2369","拼团记录","promotion:combination-record:query","2","2303","record","mall/promotion/combination/record/index.vue","false"
"2374","会员统计","","2","2358","member","mall/statistics/member/index","false"
"2375","会员统计查询","statistics:member:query","3","2374","","","false"
"2376","订单核销","trade:order:pick-up","3","2076","","","false"
"2377","文章分类","","2","2387","article/category","mall/promotion/article/category/index","false"
"2378","分类查询","promotion:article-category:query","3","2377","","","false"
"2379","分类创建","promotion:article-category:create","3","2377","","","false"
"2380","分类更新","promotion:article-category:update","3","2377","","","false"
"2381","分类删除","promotion:article-category:delete","3","2377","","","false"
"2382","文章列表","","2","2387","article","mall/promotion/article/index","false"
"2383","文章管理查询","promotion:article:query","3","2382","","","false"
"2384","文章管理创建","promotion:article:create","3","2382","","","false"
"2385","文章管理更新","promotion:article:update","3","2382","","","false"
"2386","文章管理删除","promotion:article:delete","3","2382","","","false"
"2387","内容管理","","1","2030","content","","false"
"2388","商城首页","","2","2362","home","mall/home/index","false"
"2389","核销订单","","2","2166","pick-up-order","mall/trade/delivery/pickUpOrder/index","false"
"2390","优惠活动","","1","2030","youhui","","false"
"2391","客户管理","","2","2397","customer","crm/customer/index","false"
"2392","客户查询","crm:customer:query","3","2391","","","false"
"2393","客户创建","crm:customer:create","3","2391","","","false"
"2394","客户更新","crm:customer:update","3","2391","","","false"
"2395","客户删除","crm:customer:delete","3","2391","","","false"
"2396","客户导出","crm:customer:export","3","2391","","","false"
"2397","CRM 系统","","1","0","/crm","","false"
"2398","合同管理","","2","2397","contract","crm/contract/index","false"
"2399","合同查询","crm:contract:query","3","2398","","","false"
"2400","合同创建","crm:contract:create","3","2398","","","false"
"2401","合同更新","crm:contract:update","3","2398","","","false"
"2402","合同删除","crm:contract:delete","3","2398","","","false"
"2403","合同导出","crm:contract:export","3","2398","","","false"
"2404","线索管理","","2","2397","clue","crm/clue/index","false"
"2405","线索查询","crm:clue:query","3","2404","","","false"
"2406","线索创建","crm:clue:create","3","2404","","","false"
"2407","线索更新","crm:clue:update","3","2404","","","false"
"2408","线索删除","crm:clue:delete","3","2404","","","false"
"2409","线索导出","crm:clue:export","3","2404","","","false"
"2410","商机管理","","2","2397","business","crm/business/index","false"
"2411","商机查询","crm:business:query","3","2410","","","false"
"2412","商机创建","crm:business:create","3","2410","","","false"
"2413","商机更新","crm:business:update","3","2410","","","false"
"2414","商机删除","crm:business:delete","3","2410","","","false"
"2415","商机导出","crm:business:export","3","2410","","","false"
"2416","联系人管理","","2","2397","contact","crm/contact/index","false"
"2417","联系人查询","crm:contact:query","3","2416","","","false"
"2418","联系人创建","crm:contact:create","3","2416","","","false"
"2419","联系人更新","crm:contact:update","3","2416","","","false"
"2420","联系人删除","crm:contact:delete","3","2416","","","false"
"2421","联系人导出","crm:contact:export","3","2416","","","false"
"2422","回款管理","","2","2397","receivable","crm/receivable/index","false"
"2423","回款管理查询","crm:receivable:query","3","2422","","","false"
"2424","回款管理创建","crm:receivable:create","3","2422","","","false"
"2425","回款管理更新","crm:receivable:update","3","2422","","","false"
"2426","回款管理删除","crm:receivable:delete","3","2422","","","false"
"2427","回款管理导出","crm:receivable:export","3","2422","","","false"
"2428","回款计划","","2","2397","receivable-plan","crm/receivable/plan/index","false"
"2429","回款计划查询","crm:receivable-plan:query","3","2428","","","false"
"2430","回款计划创建","crm:receivable-plan:create","3","2428","","","false"
"2431","回款计划更新","crm:receivable-plan:update","3","2428","","","false"
"2432","回款计划删除","crm:receivable-plan:delete","3","2428","","","false"
"2433","回款计划导出","crm:receivable-plan:export","3","2428","","","false"
"2435","商城装修","","2","2030","diy-template","mall/promotion/diy/template/index","false"
"2436","装修模板","","2","2435","diy-template","mall/promotion/diy/template/index","false"
"2437","装修模板查询","promotion:diy-template:query","3","2436","","","false"
"2438","装修模板创建","promotion:diy-template:create","3","2436","","","false"
"2439","装修模板更新","promotion:diy-template:update","3","2436","","","false"
"2440","装修模板删除","promotion:diy-template:delete","3","2436","","","false"
"2441","装修模板使用","promotion:diy-template:use","3","2436","","","false"
"2442","装修页面","","2","2435","diy-page","mall/promotion/diy/page/index","false"
"2443","装修页面查询","promotion:diy-page:query","3","2442","","","false"
"2444","装修页面创建","promotion:diy-page:create","3","2442","","","false"
"2445","装修页面更新","promotion:diy-page:update","3","2442","","","false"
"2446","装修页面删除","promotion:diy-page:delete","3","2442","","","false"
"2516","客户公海配置","","2","2524","customer-pool-config","crm/customer/poolConfig/index","false"
"2517","客户公海配置保存","crm:customer-pool-config:update","3","2516","","","false"
"2518","客户限制配置","","2","2524","customer-limit-config","crm/customer/limitConfig/index","false"
"2519","客户限制配置查询","crm:customer-limit-config:query","3","2518","","","false"
"2520","客户限制配置创建","crm:customer-limit-config:create","3","2518","","","false"
"2521","客户限制配置更新","crm:customer-limit-config:update","3","2518","","","false"
"2522","客户限制配置删除","crm:customer-limit-config:delete","3","2518","","","false"
"2523","客户限制配置导出","crm:customer-limit-config:export","3","2518","","","false"
"2524","系统配置","","1","2397","config","","false"
"2526","产品管理","","2","2397","product","crm/product/index","false"
"2527","产品查询","crm:product:query","3","2526","","","false"
"2528","产品创建","crm:product:create","3","2526","","","false"
"2529","产品更新","crm:product:update","3","2526","","","false"
"2530","产品删除","crm:product:delete","3","2526","","","false"
"2531","产品导出","crm:product:export","3","2526","","","false"
"2532","产品分类配置","","2","2524","product/category","crm/product/category/index","false"
"2533","产品分类查询","crm:product-category:query","3","2532","","","false"
"2534","产品分类创建","crm:product-category:create","3","2532","","","false"
"2535","产品分类更新","crm:product-category:update","3","2532","","","false"
"2536","产品分类删除","crm:product-category:delete","3","2532","","","false"
"2543","关联商机","crm:contact:create-business","3","2416","","","false"
"2544","取关商机","crm:contact:delete-business","3","2416","","","false"
"2545","商品统计","","2","2358","product","mall/statistics/product/index","false"
"2546","客户公海","","2","2397","customer/pool","crm/customer/pool/index","false"
"2547","订单查询","trade:order:query","3","2076","","","false"
"2548","订单更新","trade:order:update","3","2076","","","false"
"2549","支付&退款案例","","2","2161","order","pay/demo/order/index","false"
"2550","提现转账案例","","2","2161","transfer","pay/demo/withdraw/index","false"
"2551","钱包管理","","1","1117","wallet","","false"
"2552","充值套餐","","2","2551","wallet-recharge-package","pay/wallet/rechargePackage/index","false"
"2553","钱包充值套餐查询","pay:wallet-recharge-package:query","3","2552","","","false"
"2554","钱包充值套餐创建","pay:wallet-recharge-package:create","3","2552","","","false"
"2555","钱包充值套餐更新","pay:wallet-recharge-package:update","3","2552","","","false"
"2556","钱包充值套餐删除","pay:wallet-recharge-package:delete","3","2552","","","false"
"2557","钱包余额","","2","2551","wallet-balance","pay/wallet/balance/index","false"
"2558","钱包余额查询","pay:wallet:query","3","2557","","","false"
"2559","转账订单","","2","1117","transfer","pay/transfer/index","false"
"2560","数据统计","","1","2397","statistics","","false"
"2561","排行榜","crm:statistics-rank:query","2","2560","ranking","crm/statistics/rank/index","false"
"2562","客户导入","crm:customer:import","3","2391","","","false"
"2563","ERP 系统","","1","0","/erp","","false"
"2564","产品管理","","1","2563","product","","false"
"2565","产品信息","","2","2564","product","erp/product/product/index","false"
"2566","产品查询","erp:product:query","3","2565","","","false"
"2567","产品创建","erp:product:create","3","2565","","","false"
"2568","产品更新","erp:product:update","3","2565","","","false"
"2569","产品删除","erp:product:delete","3","2565","","","false"
"2570","产品导出","erp:product:export","3","2565","","","false"
"2571","产品分类","","2","2564","product-category","erp/product/category/index","false"
"2572","分类查询","erp:product-category:query","3","2571","","","false"
"2573","分类创建","erp:product-category:create","3","2571","","","false"
"2574","分类更新","erp:product-category:update","3","2571","","","false"
"2575","分类删除","erp:product-category:delete","3","2571","","","false"
"2576","分类导出","erp:product-category:export","3","2571","","","false"
"2577","产品单位","","2","2564","unit","erp/product/unit/index","false"
"2578","单位查询","erp:product-unit:query","3","2577","","","false"
"2579","单位创建","erp:product-unit:create","3","2577","","","false"
"2580","单位更新","erp:product-unit:update","3","2577","","","false"
"2581","单位删除","erp:product-unit:delete","3","2577","","","false"
"2582","单位导出","erp:product-unit:export","3","2577","","","false"
"2583","库存管理","","1","2563","stock","","false"
"2584","仓库信息","","2","2583","warehouse","erp/stock/warehouse/index","false"
"2585","仓库查询","erp:warehouse:query","3","2584","","","false"
"2586","仓库创建","erp:warehouse:create","3","2584","","","false"
"2587","仓库更新","erp:warehouse:update","3","2584","","","false"
"2588","仓库删除","erp:warehouse:delete","3","2584","","","false"
"2589","仓库导出","erp:warehouse:export","3","2584","","","false"
"2590","产品库存","","2","2583","stock","erp/stock/stock/index","false"
"2591","库存查询","erp:stock:query","3","2590","","","false"
"2592","库存导出","erp:stock:export","3","2590","","","false"
"2593","出入库明细","","2","2583","record","erp/stock/record/index","false"
"2594","库存明细查询","erp:stock-record:query","3","2593","","","false"
"2595","库存明细导出","erp:stock-record:export","3","2593","","","false"
"2596","其它入库","","2","2583","in","erp/stock/in/index","false"
"2597","其它入库单查询","erp:stock-in:query","3","2596","","","false"
"2598","其它入库单创建","erp:stock-in:create","3","2596","","","false"
"2599","其它入库单更新","erp:stock-in:update","3","2596","","","false"
"2600","其它入库单删除","erp:stock-in:delete","3","2596","","","false"
"2601","其它入库单导出","erp:stock-in:export","3","2596","","","false"
"2602","采购管理","","1","2563","purchase","","false"
"2603","供应商信息","","2","2602","supplier","erp/purchase/supplier/index","false"
"2604","供应商查询","erp:supplier:query","3","2603","","","false"
"2605","供应商创建","erp:supplier:create","3","2603","","","false"
"2606","供应商更新","erp:supplier:update","3","2603","","","false"
"2607","供应商删除","erp:supplier:delete","3","2603","","","false"
"2608","供应商导出","erp:supplier:export","3","2603","","","false"
"2609","其它入库单审批","erp:stock-in:update-status","3","2596","","","false"
"2610","其它出库","","2","2583","out","erp/stock/out/index","false"
"2611","其它出库单查询","erp:stock-out:query","3","2610","","","false"
"2612","其它出库单创建","erp:stock-out:create","3","2610","","","false"
"2613","其它出库单更新","erp:stock-out:update","3","2610","","","false"
"2614","其它出库单删除","erp:stock-out:delete","3","2610","","","false"
"2615","其它出库单导出","erp:stock-out:export","3","2610","","","false"
"2616","其它出库单审批","erp:stock-out:update-status","3","2610","","","false"
"2617","销售管理","","1","2563","sale","","false"
"2618","客户信息","","2","2617","customer","erp/sale/customer/index","false"
"2619","客户查询","erp:customer:query","3","2618","","","false"
"2620","客户创建","erp:customer:create","3","2618","","","false"
"2621","客户更新","erp:customer:update","3","2618","","","false"
"2622","客户删除","erp:customer:delete","3","2618","","","false"
"2623","客户导出","erp:customer:export","3","2618","","","false"
"2624","库存调拨","","2","2583","move","erp/stock/move/index","false"
"2625","库存调度单查询","erp:stock-move:query","3","2624","","","false"
"2626","库存调度单创建","erp:stock-move:create","3","2624","","","false"
"2627","库存调度单更新","erp:stock-move:update","3","2624","","","false"
"2628","库存调度单删除","erp:stock-move:delete","3","2624","","","false"
"2629","库存调度单导出","erp:stock-move:export","3","2624","","","false"
"2630","库存调度单审批","erp:stock-move:update-status","3","2624","","","false"
"2631","库存盘点","","2","2583","check","erp/stock/check/index","false"
"2632","库存盘点单查询","erp:stock-check:query","3","2631","","","false"
"2633","库存盘点单创建","erp:stock-check:create","3","2631","","","false"
"2634","库存盘点单更新","erp:stock-check:update","3","2631","","","false"
"2635","库存盘点单删除","erp:stock-check:delete","3","2631","","","false"
"2636","库存盘点单导出","erp:stock-check:export","3","2631","","","false"
"2637","库存盘点单审批","erp:stock-check:update-status","3","2631","","","false"
"2638","销售订单","","2","2617","order","erp/sale/order/index","false"
"2639","销售订单查询","erp:sale-order:query","3","2638","","","false"
"2640","销售订单创建","erp:sale-order:create","3","2638","","","false"
"2641","销售订单更新","erp:sale-order:update","3","2638","","","false"
"2642","销售订单删除","erp:sale-order:delete","3","2638","","","false"
"2643","销售订单导出","erp:sale-order:export","3","2638","","","false"
"2644","销售订单审批","erp:sale-order:update-status","3","2638","","","false"
"2645","财务管理","","1","2563","finance","","false"
"2646","结算账户","","2","2645","account","erp/finance/account/index","false"
"2647","结算账户查询","erp:account:query","3","2646","","","false"
"2648","结算账户创建","erp:account:create","3","2646","","","false"
"2649","结算账户更新","erp:account:update","3","2646","","","false"
"2650","结算账户删除","erp:account:delete","3","2646","","","false"
"2651","结算账户导出","erp:account:export","3","2646","","","false"
"2652","销售出库","","2","2617","out","erp/sale/out/index","false"
"2653","销售出库查询","erp:sale-out:query","3","2652","","","false"
"2654","销售出库创建","erp:sale-out:create","3","2652","","","false"
"2655","销售出库更新","erp:sale-out:update","3","2652","","","false"
"2656","销售出库删除","erp:sale-out:delete","3","2652","","","false"
"2657","销售出库导出","erp:sale-out:export","3","2652","","","false"
"2658","销售出库审批","erp:sale-out:update-status","3","2652","","","false"
"2659","销售退货","","2","2617","return","erp/sale/return/index","false"
"2660","销售退货查询","erp:sale-return:query","3","2659","","","false"
"2661","销售退货创建","erp:sale-return:create","3","2659","","","false"
"2662","销售退货更新","erp:sale-return:update","3","2659","","","false"
"2663","销售退货删除","erp:sale-return:delete","3","2659","","","false"
"2664","销售退货导出","erp:sale-return:export","3","2659","","","false"
"2665","销售退货审批","erp:sale-return:update-status","3","2659","","","false"
"2666","采购订单","","2","2602","order","erp/purchase/order/index","false"
"2667","采购订单查询","erp:purchase-order:query","3","2666","","","false"
"2668","采购订单创建","erp:purchase-order:create","3","2666","","","false"
"2669","采购订单更新","erp:purchase-order:update","3","2666","","","false"
"2670","采购订单删除","erp:purchase-order:delete","3","2666","","","false"
"2671","采购订单导出","erp:purchase-order:export","3","2666","","","false"
"2672","采购订单审批","erp:purchase-order:update-status","3","2666","","","false"
"2673","采购入库","","2","2602","in","erp/purchase/in/index","false"
"2674","采购入库查询","erp:purchase-in:query","3","2673","","","false"
"2675","采购入库创建","erp:purchase-in:create","3","2673","","","false"
"2676","采购入库更新","erp:purchase-in:update","3","2673","","","false"
"2677","采购入库删除","erp:purchase-in:delete","3","2673","","","false"
"2678","采购入库导出","erp:purchase-in:export","3","2673","","","false"
"2679","采购入库审批","erp:purchase-in:update-status","3","2673","","","false"
"2680","采购退货","","2","2602","return","erp/purchase/return/index","false"
"2681","采购退货查询","erp:purchase-return:query","3","2680","","","false"
"2682","采购退货创建","erp:purchase-return:create","3","2680","","","false"
"2683","采购退货更新","erp:purchase-return:update","3","2680","","","false"
"2684","采购退货删除","erp:purchase-return:delete","3","2680","","","false"
"2685","采购退货导出","erp:purchase-return:export","3","2680","","","false"
"2686","采购退货审批","erp:purchase-return:update-status","3","2680","","","false"
"2687","付款单","","2","2645","payment","erp/finance/payment/index","false"
"2688","付款单查询","erp:finance-payment:query","3","2687","","","false"
"2689","付款单创建","erp:finance-payment:create","3","2687","","","false"
"2690","付款单更新","erp:finance-payment:update","3","2687","","","false"
"2691","付款单删除","erp:finance-payment:delete","3","2687","","","false"
"2692","付款单导出","erp:finance-payment:export","3","2687","","","false"
"2693","付款单审批","erp:finance-payment:update-status","3","2687","","","false"
"2694","收款单","","2","2645","receipt","erp/finance/receipt/index","false"
"2695","收款单查询","erp:finance-receipt:query","3","2694","","","false"
"2696","收款单创建","erp:finance-receipt:create","3","2694","","","false"
"2697","收款单更新","erp:finance-receipt:update","3","2694","","","false"
"2698","收款单删除","erp:finance-receipt:delete","3","2694","","","false"
"2699","收款单导出","erp:finance-receipt:export","3","2694","","","false"
"2700","收款单审批","erp:finance-receipt:update-status","3","2694","","","false"
"2701","待办事项","","2","2397","backlog","crm/backlog/index","false"
"2702","ERP 首页","erp:statistics:query","2","2563","home","erp/home/index.vue","false"
"2703","商机状态配置","","2","2524","business-status","crm/business/status/index","false"
"2704","商机状态查询","crm:business-status:query","3","2703","","","false"
"2705","商机状态创建","crm:business-status:create","3","2703","","","false"
"2706","商机状态更新","crm:business-status:update","3","2703","","","false"
"2707","商机状态删除","crm:business-status:delete","3","2703","","","false"
"2708","合同配置","","2","2524","contract-config","crm/contract/config/index","false"
"2709","客户公海配置查询","crm:customer-pool-config:query","3","2516","","","false"
"2710","合同配置更新","crm:contract-config:update","3","2708","","","false"
"2711","合同配置查询","crm:contract-config:query","3","2708","","","false"
"2712","客户分析","crm:statistics-customer:query","2","2560","customer","crm/statistics/customer/index.vue","false"
"2713","抄送我的","bpm:process-instance-cc:query","2","1200","copy","bpm/task/copy/index","false"
"2714","流程分类","","2","1186","category","bpm/category/index","false"
"2715","分类查询","bpm:category:query","3","2714","","","false"
"2716","分类创建","bpm:category:create","3","2714","","","false"
"2717","分类更新","bpm:category:update","3","2714","","","false"
"2718","分类删除","bpm:category:delete","3","2714","","","false"
"2720","发起流程","","2","1200","create","bpm/processInstance/create/index","false"
"2721","流程实例","","2","1186","process-instance/manager","bpm/processInstance/manager/index","false"
"2722","流程实例的查询（管理员）","bpm:process-instance:manager-query","3","2721","","","false"
"2723","流程实例的取消（管理员）","bpm:process-instance:cancel-by-admin","3","2721","","","false"
"2724","流程任务","","2","1186","process-tasnk","bpm/task/manager/index","false"
"2725","流程任务的查询（管理员）","bpm:task:manager-query","3","2724","","","false"
"2726","流程监听器","","2","1186","process-listener","bpm/processListener/index","false"
"2727","流程监听器查询","bpm:process-listener:query","3","2726","","","false"
"2728","流程监听器创建","bpm:process-listener:create","3","2726","","","false"
"2729","流程监听器更新","bpm:process-listener:update","3","2726","","","false"
"2730","流程监听器删除","bpm:process-listener:delete","3","2726","","","false"
"2731","流程表达式","","2","1186","process-expression","bpm/processExpression/index","false"
"2732","流程表达式查询","bpm:process-expression:query","3","2731","","","false"
"2733","流程表达式创建","bpm:process-expression:create","3","2731","","","false"
"2734","流程表达式更新","bpm:process-expression:update","3","2731","","","false"
"2735","流程表达式删除","bpm:process-expression:delete","3","2731","","","false"
"2736","员工业绩","crm:statistics-performance:query","2","2560","performance","crm/statistics/performance/index","false"
"2737","客户画像","crm:statistics-portrait:query","2","2560","portrait","crm/statistics/portrait/index","false"
"2738","销售漏斗","crm:statistics-funnel:query","2","2560","funnel","crm/statistics/funnel/index","false"
"2741","领取公海客户","crm:customer:receive","3","2546","","","false"
"2742","分配公海客户","crm:customer:distribute","3","2546","","","false"
"2743","商品统计查询","statistics:product:query","3","2545","","","false"
"2744","商品统计导出","statistics:product:export","3","2545","","","false"
"2745","支付渠道查询","pay:channel:query","3","1126","","","false"
"2746","支付渠道创建","pay:channel:create","3","1126","","","false"
"2747","支付渠道更新","pay:channel:update","3","1126","","","false"
"2748","支付渠道删除","pay:channel:delete","3","1126","","","false"
"2749","商品收藏查询","product:favorite:query","3","2014","","","false"
"2750","商品浏览查询","product:browse-history:query","3","2014","","","false"
"2751","售后同意","trade:after-sale:agree","3","2073","","","false"
"2752","售后不同意","trade:after-sale:disagree","3","2073","","","false"
"2753","售后确认退货","trade:after-sale:receive","3","2073","","","false"
"2754","售后确认退款","trade:after-sale:refund","3","2073","","","false"
"2755","删除项目","report:go-view-project:delete","3","2153","","","false"
"2756","会员等级记录查询","member:level-record:query","3","2325","","","false"
"2757","会员经验记录查询","member:experience-record:query","3","2325","","","false"
"2758","AI 大模型","","1","0","/ai","","false"
"2759","AI 对话","","2","2758","chat","ai/chat/index/index.vue","false"
"2760","控制台","","1","2758","console","","false"
"2761","API 密钥","","2","2760","api-key","ai/model/apiKey/index.vue","false"
"2762","API 密钥查询","ai:api-key:query","3","2761","","","false"
"2763","API 密钥创建","ai:api-key:create","3","2761","","","false"
"2764","API 密钥更新","ai:api-key:update","3","2761","","","false"
"2765","API 密钥删除","ai:api-key:delete","3","2761","","","false"
"2767","模型配置","","2","2760","model","ai/model/model/index.vue","false"
"2768","聊天模型查询","ai:model:query","3","2767","","","false"
"2769","聊天模型创建","ai:model:create","3","2767","","","false"
"2770","聊天模型更新","ai:model:update","3","2767","","","false"
"2771","聊天模型删除","ai:model:delete","3","2767","","","false"
"2773","聊天角色","","2","2760","chat-role","ai/model/chatRole/index.vue","false"
"2774","聊天角色查询","ai:chat-role:query","3","2773","","","false"
"2775","聊天角色创建","ai:chat-role:create","3","2773","","","false"
"2776","聊天角色更新","ai:chat-role:update","3","2773","","","false"
"2777","聊天角色删除","ai:chat-role:delete","3","2773","","","false"
"2778","聊天管理","","2","2760","chat-conversation","ai/chat/manager/index.vue","false"
"2779","会话查询","ai:chat-conversation:query","3","2778","","","false"
"2780","会话删除","ai:chat-conversation:delete","3","2778","","","false"
"2781","消息查询","ai:chat-message:query","3","2778","","","false"
"2782","消息删除","ai:chat-message:delete","3","2778","","","false"
"2783","AI 绘画","","2","2758","image","ai/image/index/index.vue","false"
"2784","绘画管理","","2","2760","image","ai/image/manager/index.vue","false"
"2785","绘画查询","ai:image:query","3","2784","","","false"
"2786","绘画删除","ai:image:delete","3","2784","","","false"
"2787","绘图更新","ai:image:update","3","2784","","","false"
"2788","音乐管理","","2","2760","music","ai/music/manager/index.vue","false"
"2789","音乐查询","ai:music:query","3","2788","","","false"
"2790","音乐更新","ai:music:update","3","2788","","","false"
"2791","音乐删除","ai:music:delete","3","2788","","","false"
"2792","AI 写作","","2","2758","write","ai/write/index/index.vue","false"
"2793","写作管理","","2","2760","write","ai/write/manager/index.vue","false"
"2794","AI 写作查询","ai:write:query","3","2793","","","false"
"2795","AI 写作删除","ai:write:delete","3","2793","","","false"
"2796","AI 音乐","","2","2758","music","ai/music/index/index.vue","false"
"2797","客服中心","","2","2362","kefu","mall/promotion/kefu/index","false"
"2798","AI 思维导图","","2","2758","mind-map","ai/mindmap/index/index.vue","false"
"2799","导图管理","","2","2760","mind-map","ai/mindmap/manager/index","false"
"2800","思维导图查询","ai:mind-map:query","3","2799","","","false"
"2801","思维导图删除","ai:mind-map:delete","3","2799","","","false"
"2802","会话查询","promotion:kefu-conversation:query","3","2797","","","false"
"2803","会话更新","promotion:kefu-conversation:update","3","2797","","","false"
"2804","消息查询","promotion:kefu-message:query","3","2797","","","false"
"2805","会话删除","promotion:kefu-conversation:delete","3","2797","","","false"
"2806","消息发送","promotion:kefu-message:send","3","2797","","","false"
"2807","消息更新","promotion:kefu-message:update","3","2797","","","false"
"2808","积分商城","","2","2030","point-activity","mall/promotion/point/activity/index","false"
"2809","积分商城活动查询","promotion:point-activity:query","3","2808","","","false"
"2810","积分商城活动创建","promotion:point-activity:create","3","2808","","","false"
"2811","积分商城活动更新","promotion:point-activity:update","3","2808","","","false"
"2812","积分商城活动删除","promotion:point-activity:delete","3","2808","","","false"
"2813","积分商城活动导出","promotion:point-activity:export","3","2808","","","false"
"2912","创建推广员","trade:brokerage-user:create","3","2346","","","false"
"2913","流程清理","bpm:model:clean","3","1193","","","false"
"2914","积分商城活动关闭","promotion:point-activity:close","3","2808","","","false"
"2915","AI 知识库","","2","2758","knowledge","ai/knowledge/knowledge/index","false"
"2916","AI 知识库查询","ai:knowledge:query","3","2915","","","false"
"2917","AI 知识库创建","ai:knowledge:create","3","2915","","","false"
"2918","AI 知识库更新","ai:knowledge:update","3","2915","","","false"
"2919","AI 知识库删除","ai:knowledge:delete","3","2915","","","false"
"2920","工具管理","","2","2760","tool","ai/model/tool/index.vue","false"
"2921","工具查询","ai:tool:query","3","2920","","","false"
"2922","工具创建","ai:tool:create","3","2920","","","false"
"2923","工具更新","ai:tool:update","3","2920","","","false"
"2924","工具删除","ai:tool:delete","3","2920","","","false"
"4000","IoT 物联网","","1","0","/iot","","false"
"4001","设备接入","","1","4000","device","","false"
"4002","产品管理","","2","4001","product","iot/product/product/index","false"
"4003","产品查询","iot:product:query","3","4002","","","false"
"4004","产品创建","iot:product:create","3","4002","","","false"
"4005","产品更新","iot:product:update","3","4002","","","false"
"4006","产品删除","iot:product:delete","3","4002","","","false"
"4007","产品导出","iot:product:export","3","4002","","","false"
"4008","设备管理","","2","4001","device","iot/device/device/index","false"
"4009","设备查询","iot:device:query","3","4008","","","false"
"4010","设备创建","iot:device:create","3","4008","","","false"
"4011","设备更新","iot:device:update","3","4008","","","false"
"4012","设备删除","iot:device:delete","3","4008","","","false"
"4013","设备导出","iot:device:export","3","4008","","","false"
"4014","产品分类","","2","4001","product-category","iot/product/category/index","false"
"4015","产品分类查询","iot:product-category:query","3","4014","","","false"
"4016","产品分类创建","iot:product-category:create","3","4014","","","false"
"4017","产品分类更新","iot:product-category:update","3","4014","","","false"
"4018","产品分类删除","iot:product-category:delete","3","4014","","","false"
"4031","设备分组","","2","4001","device-group","iot/device/group/index","false"
"4032","设备分组查询","iot:device-group:query","3","4031","","","false"
"4033","设备分组创建","iot:device-group:create","3","4031","","","false"
"4034","设备分组更新","iot:device-group:update","3","4031","","","false"
"4035","设备分组删除","iot:device-group:delete","3","4031","","","false"
"4036","设备导入","iot:device:import","3","4008","","","false"
"4037","产品物模型","","2","4001","thing-model","iot/thingmodel/index","false"
"4038","产品物模型功能查询","iot:thing-model:query","3","4037","","","false"
"4039","产品物模型功能创建","iot:thing-model:create","3","4037","","","false"
"4040","产品物模型功能更新","iot:thing-model:update","3","4037","","","false"
"4041","产品物模型功能删除","iot:thing-model:delete","3","4037","","","false"
"4042","产品物模型功能导出","iot:thing-model:export","3","4037","","","false"
"4043","设备消息发送","iot:device:message-send","3","4008","","","false"
"4044","设备属性查询","iot:device:property-query","3","4008","","","false"
"4045","设备消息查询","iot:device:message-query","3","4008","","","false"
"4047","运维管理","","1","4000","operation","","false"
"4048","规则引擎","","1","4000","rule","","false"
"4049","场景联动","","2","4048","scene","iot/rule/scene/index","false"
"4050","IoT 首页","","2","4000","home","iot/home/index","false"
"4051","数据流转","","2","4048","data-rule","iot/rule/data/index","false"
"4052","数据流转规则查询","iot:data-rule:query","3","4051","","","false"
"4053","数据流转规则创建","iot:data-rule:create","3","4051","","","false"
"4054","数据流转规则更新","iot:data-rule:update","3","4051","","","false"
"4055","数据流转规则删除","iot:data-rule:delete","3","4051","","","false"
"5000","AI 工作流","","2","2758","workflow","ai/workflow/index.vue","false"
"5001","AI 工作流查询","ai:workflow:query","3","5000","","","false"
"5002","AI 工作流创建","ai:workflow:create","3","5000","","","false"
"5003","AI 工作流更新","ai:workflow:update","3","5000","","","false"
"5004","AI 工作流删除","ai:workflow:delete","3","5000","","","false"
"5005","AI 工作流测试","ai:workflow:test","3","5000","","","false"
"5009","仪表盘设计器","","2","1281","jimu-bi","report/jmreport/bi","false"
"5011","转账订单查询","pay:transfer:query","3","2559","","","false"
"5012","转账订单导出","pay:transfer:export","3","2559","","","false"
"5013","场景联动查询","iot:rule-scene:query","3","4049","","","false"
"5014","场景联动创建","iot:rule-scene:create","3","4049","","","false"
"5015","场景联动更新","iot:rule-scene:update","3","4049","","","false"
"5016","场景联动删除","iot:rule-scene:delete","3","4049","","","false"
"5017","场景联动导出","iot:rule-scene:export","3","4049","","","false"
"5018","数据流转目的查询","iot:data-sink:query","3","4051","","","false"
"5019","数据流转目的创建","iot:data-sink:create","3","4051","","","false"
"5020","数据流转目的更新","iot:data-sink:update","3","4051","","","false"
"5021","数据流转目的删除","iot:data-sink:delete","3","4051","","","false"
"5022","告警配置","","2","5028","config","iot/alert/config/index","false"
"5023","告警配置查询","iot:alert-config:query","3","5022","","","false"
"5024","告警配置创建","iot:alert-config:create","3","5022","","","false"
"5025","告警配置更新","iot:alert-config:update","3","5022","","","false"
"5026","告警配置删除","iot:alert-config:delete","3","5022","","","false"
"5028","告警中心","","1","4000","alert","","false"
"5029","告警记录","","2","5028","record","iot/alert/record/index","false"
"5030","告警记录查询","iot:alert-record:query","3","5029","","","false"
"5031","告警记录处理","iot:alert-record:process","3","5029","","","false"
"5032","OTA 固件","","2","4047","ota/firmware","iot/ota/firmware/index","false"
"5033","OTA 固件查询","iot:ota-firmware:query","3","5032","","","false"
"5034","OTA 固件创建","iot:ota-firmware:create","3","5032","","","false"
"5035","OTA 固件更新","iot:ota-firmware:update","3","5032","","","false"
"5036","OTA 固件删除","iot:ota-firmware:delete","3","5032","","","false"
"5037","OTA 升级任务查询","iot:ota-task:query","3","5032","","","false"
"5038","OTA 升级任务取消","iot:ota-task:cancel","3","5032","","","false"
"5039","OTA 升级任务创建","iot:ota-task:create","3","5032","","","false"
"5040","OTA 升级记录查询","iot:ota-task-record:query","3","5032","","","false"
"5041","OTA 升级记录取消","iot:ota-task-record:cancel","3","5032","","","false"
"5042","模版消息","","2","2084","message-template","mp/messageTemplate/index","false"
"5043","查询模版消息","mp:message-template:query","3","5042","","","false"
"5044","删除模版消息","mp:message-template:delete","3","5042","","","false"
"5045","同步公众号模板","mp:message-template:sync","3","5042","","","false"
"5046","给粉丝发送模版消息","mp:message-template:send","3","5042","","","false"
"5100","MES 系统","","1","0","/mes","","false"
"5101","基础数据","","1","5100","md","","false"
"5110","物料产品分类","","2","5101","item-type","mes/md/item/type/index","false"
"5111","分类查询","mes:md-item-type:query","3","5110","","","false"
"5112","分类创建","mes:md-item-type:create","3","5110","","","false"
"5113","分类更新","mes:md-item-type:update","3","5110","","","false"
"5114","分类删除","mes:md-item-type:delete","3","5110","","","false"
"5120","物料产品管理","","2","5101","item","mes/md/item/index","false"
"5121","物料查询","mes:md-item:query","3","5120","","","false"
"5122","物料创建","mes:md-item:create","3","5120","","","false"
"5123","物料更新","mes:md-item:update","3","5120","","","false"
"5124","物料删除","mes:md-item:delete","3","5120","","","false"
"5125","物料导出","mes:md-item:export","3","5120","","","false"
"5126","物料导入","mes:md-item:import","3","5120","","","false"
"5130","计量单位","","2","5101","unit-measure","mes/md/unitmeasure/index","false"
"5131","单位查询","mes:md-unit-measure:query","3","5130","","","false"
"5132","单位创建","mes:md-unit-measure:create","3","5130","","","false"
"5133","单位更新","mes:md-unit-measure:update","3","5130","","","false"
"5134","单位删除","mes:md-unit-measure:delete","3","5130","","","false"
"5135","单位导出","mes:md-unit-measure:export","3","5130","","","false"
"5140","客户管理","","2","5101","client","mes/md/client/index","false"
"5141","客户查询","mes:md-client:query","3","5140","","","false"
"5142","客户创建","mes:md-client:create","3","5140","","","false"
"5143","客户更新","mes:md-client:update","3","5140","","","false"
"5144","客户删除","mes:md-client:delete","3","5140","","","false"
"5145","客户导出","mes:md-client:export","3","5140","","","false"
"5146","客户导入","mes:md-client:import","3","5140","","","false"
"5150","供应商管理","","2","5101","vendor","mes/md/vendor/index","false"
"5151","供应商查询","mes:md-vendor:query","3","5150","","","false"
"5152","供应商创建","mes:md-vendor:create","3","5150","","","false"
"5153","供应商更新","mes:md-vendor:update","3","5150","","","false"
"5154","供应商删除","mes:md-vendor:delete","3","5150","","","false"
"5155","供应商导出","mes:md-vendor:export","3","5150","","","false"
"5156","供应商导入","mes:md-vendor:import","3","5150","","","false"
"5160","车间设置","","2","5101","workstation/workshop","mes/md/workstation/workshop/index","false"
"5161","车间查询","mes:md-workshop:query","3","5160","","","false"
"5162","车间创建","mes:md-workshop:create","3","5160","","","false"
"5163","车间更新","mes:md-workshop:update","3","5160","","","false"
"5164","车间删除","mes:md-workshop:delete","3","5160","","","false"
"5170","工作站设置","","2","5101","workstation","mes/md/workstation/index","false"
"5171","工位查询","mes:md-workstation:query","3","5170","","","false"
"5172","工位创建","mes:md-workstation:create","3","5170","","","false"
"5173","工位更新","mes:md-workstation:update","3","5170","","","false"
"5174","工位删除","mes:md-workstation:delete","3","5170","","","false"
"5175","工位导出","mes:md-workstation:export","3","5170","","","false"
"5190","编码规则","","2","5101","auto-code","mes/md/autocode/index","false"
"5191","编码规则查询","mes:auto-code-rule:query","3","5190","","","false"
"5192","编码规则创建","mes:auto-code-rule:create","3","5190","","","false"
"5193","编码规则更新","mes:auto-code-rule:update","3","5190","","","false"
"5194","编码规则删除","mes:auto-code-rule:delete","3","5190","","","false"
"5195","编码规则导出","mes:auto-code-rule:export","3","5190","","","false"
"5200","排班管理","","1","5100","cal","","false"
"5220","班组设置","","2","5200","team","mes/cal/team/index","false"
"5221","班组查询","mes:cal-team:query","3","5220","","","false"
"5222","班组创建","mes:cal-team:create","3","5220","","","false"
"5223","班组更新","mes:cal-team:update","3","5220","","","false"
"5224","班组删除","mes:cal-team:delete","3","5220","","","false"
"5225","班组导出","mes:cal-team:export","3","5220","","","false"
"5230","排班计划","","2","5200","plan","mes/cal/plan/index","false"
"5231","排班计划查询","mes:cal-plan:query","3","5230","","","false"
"5232","排班计划创建","mes:cal-plan:create","3","5230","","","false"
"5233","排班计划更新","mes:cal-plan:update","3","5230","","","false"
"5234","排班计划删除","mes:cal-plan:delete","3","5230","","","false"
"5235","排班计划导出","mes:cal-plan:export","3","5230","","","false"
"5250","节假日设置","","2","5200","holiday","mes/cal/holiday/index","false"
"5251","假期查询","mes:cal-holiday:query","3","5250","","","false"
"5252","假期创建","mes:cal-holiday:create","3","5250","","","false"
"5253","假期更新","mes:cal-holiday:update","3","5250","","","false"
"5254","假期删除","mes:cal-holiday:delete","3","5250","","","false"
"5255","假期导出","mes:cal-holiday:export","3","5250","","","false"
"5260","排班日历","","2","5200","calendar","mes/cal/calendar/index","false"
"5261","排班日历查询","mes:cal-team-shift:query","3","5260","","","false"
"5300","设备管理","","1","5100","dv","","false"
"5310","设备类型","","2","5300","machinery/type","mes/dv/machinery/type/index","false"
"5311","类型查询","mes:dv-machinery-type:query","3","5310","","","false"
"5312","类型创建","mes:dv-machinery-type:create","3","5310","","","false"
"5313","类型更新","mes:dv-machinery-type:update","3","5310","","","false"
"5314","类型删除","mes:dv-machinery-type:delete","3","5310","","","false"
"5315","类型导出","mes:dv-machinery-type:export","3","5310","","","false"
"5320","设备台账","","2","5300","machinery","mes/dv/machinery/index","false"
"5321","设备查询","mes:dv-machinery:query","3","5320","","","false"
"5322","设备创建","mes:dv-machinery:create","3","5320","","","false"
"5323","设备更新","mes:dv-machinery:update","3","5320","","","false"
"5324","设备删除","mes:dv-machinery:delete","3","5320","","","false"
"5325","设备导出","mes:dv-machinery:export","3","5320","","","false"
"5326","设备导入","mes:dv-machinery:import","3","5320","","","false"
"5330","点检保养项目","","2","5300","subject","mes/dv/subject/index","false"
"5331","项目查询","mes:dv-subject:query","3","5330","","","false"
"5332","项目创建","mes:dv-subject:create","3","5330","","","false"
"5333","项目更新","mes:dv-subject:update","3","5330","","","false"
"5334","项目删除","mes:dv-subject:delete","3","5330","","","false"
"5335","项目导出","mes:dv-subject:export","3","5330","","","false"
"5340","保养记录","","2","5300","mainten-record","mes/dv/maintenrecord/index","false"
"5341","保养记录查询","mes:dv-mainten-record:query","3","5340","","","false"
"5342","保养记录创建","mes:dv-mainten-record:create","3","5340","","","false"
"5343","保养记录更新","mes:dv-mainten-record:update","3","5340","","","false"
"5344","保养记录删除","mes:dv-mainten-record:delete","3","5340","","","false"
"5345","保养记录导出","mes:dv-mainten-record:export","3","5340","","","false"
"5350","点检保养方案","","2","5300","checkplan","mes/dv/checkplan/index","false"
"5351","方案查询","mes:dv-check-plan:query","3","5350","","","false"
"5352","方案创建","mes:dv-check-plan:create","3","5350","","","false"
"5353","方案更新","mes:dv-check-plan:update","3","5350","","","false"
"5354","方案删除","mes:dv-check-plan:delete","3","5350","","","false"
"5355","方案导出","mes:dv-check-plan:export","3","5350","","","false"
"5360","点检记录","","2","5300","check-record","mes/dv/checkrecord/index","false"
"5361","点检记录查询","mes:dv-check-record:query","3","5360","","","false"
"5362","点检记录创建","mes:dv-check-record:create","3","5360","","","false"
"5363","点检记录更新","mes:dv-check-record:update","3","5360","","","false"
"5364","点检记录删除","mes:dv-check-record:delete","3","5360","","","false"
"5365","点检记录导出","mes:dv-check-record:export","3","5360","","","false"
"5366","工单导出","mes:dv-repair:export","3","5360","","","false"
"5370","维修单","","2","5300","repair","mes/dv/repair/index","false"
"5371","工单查询","mes:dv-repair:query","3","5370","","","false"
"5372","工单创建","mes:dv-repair:create","3","5370","","","false"
"5373","工单更新","mes:dv-repair:update","3","5370","","","false"
"5374","工单删除","mes:dv-repair:delete","3","5370","","","false"
"5375","工单导出","mes:dv-repair:export","3","5370","","","false"
"5400","工具管理","","1","5100","tm","","false"
"5410","工具类型设置","","2","5400","tool/type","mes/tm/tool/type/index","false"
"5411","类型查询","mes:tm-tool-type:query","3","5410","","","false"
"5412","类型创建","mes:tm-tool-type:create","3","5410","","","false"
"5413","类型更新","mes:tm-tool-type:update","3","5410","","","false"
"5414","类型删除","mes:tm-tool-type:delete","3","5410","","","false"
"5415","类型导出","mes:tm-tool-type:export","3","5410","","","false"
"5420","工装夹具台账","","2","5400","tool","mes/tm/tool/index","false"
"5421","工具查询","mes:tm-tool:query","3","5420","","","false"
"5422","工具创建","mes:tm-tool:create","3","5420","","","false"
"5423","工具更新","mes:tm-tool:update","3","5420","","","false"
"5424","工具删除","mes:tm-tool:delete","3","5420","","","false"
"5425","工具导出","mes:tm-tool:export","3","5420","","","false"
"5500","质量管理","","1","5100","qc","","false"
"5510","常见缺陷","","2","5500","defect","mes/qc/defect/index","false"
"5511","缺陷类型查询","mes:qc-defect:query","3","5510","","","false"
"5512","缺陷类型创建","mes:qc-defect:create","3","5510","","","false"
"5513","缺陷类型更新","mes:qc-defect:update","3","5510","","","false"
"5514","缺陷类型删除","mes:qc-defect:delete","3","5510","","","false"
"5515","缺陷类型导出","mes:qc-defect:export","3","5510","","","false"
"5530","生产工单","","2","5700","work-order","mes/pro/workorder/index","false"
"5531","工单查询","mes:pro-work-order:query","3","5530","","","false"
"5532","工单创建","mes:pro-work-order:create","3","5530","","","false"
"5533","工单更新","mes:pro-work-order:update","3","5530","","","false"
"5534","工单删除","mes:pro-work-order:delete","3","5530","","","false"
"5535","工单导出","mes:pro-work-order:export","3","5530","","","false"
"5540","生产排产","","2","5700","task","mes/pro/task/index","false"
"5541","排产查询","mes:pro-task:query","3","5540","","","false"
"5542","排产创建","mes:pro-task:create","3","5540","","","false"
"5543","排产更新","mes:pro-task:update","3","5540","","","false"
"5544","排产删除","mes:pro-task:delete","3","5540","","","false"
"5545","排产导出","mes:pro-task:export","3","5540","","","false"
"5550","生产报工","","2","5700","feedback","mes/pro/feedback/index","false"
"5551","报工查询","mes:pro-feedback:query","3","5550","","","false"
"5552","报工创建","mes:pro-feedback:create","3","5550","","","false"
"5553","报工更新","mes:pro-feedback:update","3","5550","","","false"
"5554","报工删除","mes:pro-feedback:delete","3","5550","","","false"
"5555","报工导出","mes:pro-feedback:export","3","5550","","","false"
"5560","工序流转","","2","5700","card","mes/pro/card/index","false"
"5561","流转卡查询","mes:pro-card:query","3","5560","","","false"
"5562","流转卡创建","mes:pro-card:create","3","5560","","","false"
"5563","流转卡更新","mes:pro-card:update","3","5560","","","false"
"5564","流转卡删除","mes:pro-card:delete","3","5560","","","false"
"5565","流转卡导出","mes:pro-card:export","3","5560","","","false"
"5566","流转卡完成","mes:pro-card:finish","3","5560","","","false"
"5610","检测项设置","","2","5500","indicator","mes/qc/indicator/index","false"
"5611","质检指标查询","mes:qc-indicator:query","3","5610","","","false"
"5612","质检指标创建","mes:qc-indicator:create","3","5610","","","false"
"5613","质检指标更新","mes:qc-indicator:update","3","5610","","","false"
"5614","质检指标删除","mes:qc-indicator:delete","3","5610","","","false"
"5615","质检指标导出","mes:qc-indicator:export","3","5610","","","false"
"5630","质检方案","","2","5500","template","mes/qc/template/index","false"
"5631","质检方案查询","mes:qc-template:query","3","5630","","","false"
"5632","质检方案创建","mes:qc-template:create","3","5630","","","false"
"5633","质检方案更新","mes:qc-template:update","3","5630","","","false"
"5634","质检方案删除","mes:qc-template:delete","3","5630","","","false"
"5635","质检方案导出","mes:qc-template:export","3","5630","","","false"
"5640","来料检验","","2","5500","iqc","mes/qc/iqc/index","false"
"5641","来料检验查询","mes:qc-iqc:query","3","5640","","","false"
"5642","来料检验创建","mes:qc-iqc:create","3","5640","","","false"
"5643","来料检验更新","mes:qc-iqc:update","3","5640","","","false"
"5644","来料检验删除","mes:qc-iqc:delete","3","5640","","","false"
"5645","来料检验导出","mes:qc-iqc:export","3","5640","","","false"
"5650","过程检验","","2","5500","ipqc","mes/qc/ipqc/index","false"
"5651","过程检验查询","mes:qc-ipqc:query","3","5650","","","false"
"5652","过程检验创建","mes:qc-ipqc:create","3","5650","","","false"
"5653","过程检验更新","mes:qc-ipqc:update","3","5650","","","false"
"5654","过程检验删除","mes:qc-ipqc:delete","3","5650","","","false"
"5655","过程检验导出","mes:qc-ipqc:export","3","5650","","","false"
"5660","出货检验","","2","5500","oqc","mes/qc/oqc/index","false"
"5661","出货检验查询","mes:qc-oqc:query","3","5660","","","false"
"5662","出货检验创建","mes:qc-oqc:create","3","5660","","","false"
"5663","出货检验更新","mes:qc-oqc:update","3","5660","","","false"
"5664","出货检验删除","mes:qc-oqc:delete","3","5660","","","false"
"5665","出货检验导出","mes:qc-oqc:export","3","5660","","","false"
"5670","退料检验","","2","5500","rqc","mes/qc/rqc/index","false"
"5671","退货检验查询","mes:qc-rqc:query","3","5670","","","false"
"5672","退货检验创建","mes:qc-rqc:create","3","5670","","","false"
"5673","退货检验更新","mes:qc-rqc:update","3","5670","","","false"
"5674","退货检验删除","mes:qc-rqc:delete","3","5670","","","false"
"5675","退货检验导出","mes:qc-rqc:export","3","5670","","","false"
"5680","待检任务","","2","5500","pending-inspect","mes/qc/pendinginspect/index","false"
"5681","待检任务查询","mes:qc-pending-inspect:query","3","5680","","","false"
"5700","生产管理","","1","5100","pro","","false"
"5710","工序设置","","2","5700","process","mes/pro/process/index","false"
"5711","工序查询","mes:pro-process:query","3","5710","","","false"
"5712","工序创建","mes:pro-process:create","3","5710","","","false"
"5713","工序更新","mes:pro-process:update","3","5710","","","false"
"5714","工序删除","mes:pro-process:delete","3","5710","","","false"
"5715","工序导出","mes:pro-process:export","3","5710","","","false"
"5720","工艺流程","","2","5700","route","mes/pro/route/index","false"
"5721","工艺路线查询","mes:pro-route:query","3","5720","","","false"
"5722","工艺路线创建","mes:pro-route:create","3","5720","","","false"
"5723","工艺路线更新","mes:pro-route:update","3","5720","","","false"
"5724","工艺路线删除","mes:pro-route:delete","3","5720","","","false"
"5725","工艺路线导出","mes:pro-route:export","3","5720","","","false"
"5750","安灯呼叫","","2","5700","andon","mes/pro/andon/record/index","false"
"5751","安灯记录查询","mes:pro-andon-record:query","3","5750","","","false"
"5752","安灯记录创建","mes:pro-andon-record:create","3","5750","","","false"
"5753","安灯记录更新","mes:pro-andon-record:update","3","5750","","","false"
"5754","安灯记录删除","mes:pro-andon-record:delete","3","5750","","","false"
"5755","安灯记录导出","mes:pro-andon-record:export","3","5750","","","false"
"5756","安灯配置查询","mes:pro-andon-config:query","3","5750","","","false"
"5757","安灯配置创建","mes:pro-andon-config:create","3","5750","","","false"
"5758","安灯配置更新","mes:pro-andon-config:update","3","5750","","","false"
"5759","安灯配置删除","mes:pro-andon-config:delete","3","5750","","","false"
"5780","仓库管理","","1","5100","wm","","false"
"5781","仓库设置","","2","5780","warehouse","mes/wm/warehouse/index","false"
"5782","仓库查询","mes:wm-warehouse:query","3","5781","","","false"
"5783","仓库创建","mes:wm-warehouse:create","3","5781","","","false"
"5784","仓库更新","mes:wm-warehouse:update","3","5781","","","false"
"5785","仓库删除","mes:wm-warehouse:delete","3","5781","","","false"
"5786","库存现有量","","2","5780","material-stock","mes/wm/materialstock/index","false"
"5787","库存台账查询","mes:wm-material-stock:query","3","5786","","","false"
"5788","库存台账创建","mes:wm-material-stock:create","3","5786","","","false"
"5789","库存台账更新","mes:wm-material-stock:update","3","5786","","","false"
"5790","库存台账删除","mes:wm-material-stock:delete","3","5786","","","false"
"5791","库存台账导出","mes:wm-material-stock:export","3","5786","","","false"
"5792","到货通知","","2","5780","arrival-notice","mes/wm/arrivalnotice/index","false"
"5793","到货通知单查询","mes:wm-arrival-notice:query","3","5792","","","false"
"5794","到货通知单创建","mes:wm-arrival-notice:create","3","5792","","","false"
"5795","到货通知单更新","mes:wm-arrival-notice:update","3","5792","","","false"
"5796","到货通知单删除","mes:wm-arrival-notice:delete","3","5792","","","false"
"5797","到货通知单导出","mes:wm-arrival-notice:export","3","5792","","","false"
"5798","采购入库","","2","5780","item-receipt","mes/wm/itemreceipt/index","false"
"5799","采购入库单查询","mes:wm-item-receipt:query","3","5798","","","false"
"5800","采购入库单创建","mes:wm-item-receipt:create","3","5798","","","false"
"5801","采购入库单更新","mes:wm-item-receipt:update","3","5798","","","false"
"5802","采购入库单删除","mes:wm-item-receipt:delete","3","5798","","","false"
"5803","采购入库单导出","mes:wm-item-receipt:export","3","5798","","","false"
"5804","采购入库单完成","mes:wm-item-receipt:finish","3","5798","","","false"
"5805","生产领料","","2","5780","product-issue","mes/wm/productissue/index","false"
"5806","领料出库单查询","mes:wm-product-issue:query","3","5805","","","false"
"5807","领料出库单新增","mes:wm-product-issue:create","3","5805","","","false"
"5808","领料出库单修改","mes:wm-product-issue:update","3","5805","","","false"
"5809","领料出库单删除","mes:wm-product-issue:delete","3","5805","","","false"
"5810","领料出库单导出","mes:wm-product-issue:export","3","5805","","","false"
"5811","领料出库单完成","mes:wm-product-issue:finish","3","5805","","","false"
"5819","产品入库","","2","5780","product-receipt","mes/wm/productreceipt/index","false"
"5820","产品入库单查询","mes:wm-product-receipt:query","3","5819","","","false"
"5821","产品入库单新增","mes:wm-product-receipt:create","3","5819","","","false"
"5822","产品入库单修改","mes:wm-product-receipt:update","3","5819","","","false"
"5823","产品入库单删除","mes:wm-product-receipt:delete","3","5819","","","false"
"5824","产品入库单导出","mes:wm-product-receipt:export","3","5819","","","false"
"5825","产品入库单完成","mes:wm-product-receipt:finish","3","5819","","","false"
"5830","采购退货","","2","5780","return-vendor","mes/wm/returnvendor/index","false"
"5831","供应商退货单查询","mes:wm-return-vendor:query","3","5830","","","false"
"5832","供应商退货单新增","mes:wm-return-vendor:create","3","5830","","","false"
"5833","供应商退货单修改","mes:wm-return-vendor:update","3","5830","","","false"
"5834","供应商退货单删除","mes:wm-return-vendor:delete","3","5830","","","false"
"5835","供应商退货单导出","mes:wm-return-vendor:export","3","5830","","","false"
"5836","供应商退货单状态变更","mes:wm-return-vendor:update-status","3","5830","","","false"
"5840","生产退料","","2","5780","return-issue","mes/wm/returnissue/index","false"
"5841","生产退料单查询","mes:wm-return-issue:query","3","5840","","","false"
"5842","生产退料单新增","mes:wm-return-issue:create","3","5840","","","false"
"5843","生产退料单修改","mes:wm-return-issue:update","3","5840","","","false"
"5844","生产退料单删除","mes:wm-return-issue:delete","3","5840","","","false"
"5845","生产退料单导出","mes:wm-return-issue:export","3","5840","","","false"
"5846","生产退料单执行","mes:wm-return-issue:finish","3","5840","","","false"
"5847","销售退货","","2","5780","return-sales","mes/wm/returnsales/index","false"
"5848","销售退货单查询","mes:wm-return-sales:query","3","5847","","","false"
"5849","销售退货单新增","mes:wm-return-sales:create","3","5847","","","false"
"5850","销售退货单修改","mes:wm-return-sales:update","3","5847","","","false"
"5851","销售退货单删除","mes:wm-return-sales:delete","3","5847","","","false"
"5852","销售退货单导出","mes:wm-return-sales:export","3","5847","","","false"
"5853","销售退货单提交","mes:wm-return-sales:submit","3","5847","","","false"
"5854","销售退货单完成退货","mes:wm-return-sales:finish","3","5847","","","false"
"5855","销售退货单执行上架","mes:wm-return-sales:stock","3","5847","","","false"
"5856","销售退货单取消","mes:wm-return-sales:cancel","3","5847","","","false"
"5857","杂项出库","","2","5780","misc-issue","mes/wm/miscissue/index","false"
"5858","杂项出库查询","mes:wm-misc-issue:query","3","5857","","","false"
"5859","杂项出库新增","mes:wm-misc-issue:create","3","5857","","","false"
"5860","杂项出库修改","mes:wm-misc-issue:update","3","5857","","","false"
"5861","杂项出库删除","mes:wm-misc-issue:delete","3","5857","","","false"
"5862","杂项出库导出","mes:wm-misc-issue:export","3","5857","","","false"
"5863","杂项出库执行","mes:wm-misc-issue:finish","3","5857","","","false"
"5867","发货通知","","2","5780","sales-notice","mes/wm/salesnotice/index","false"
"5868","查询发货通知","mes:wm-sales-notice:query","3","5867","","","false"
"5869","创建发货通知","mes:wm-sales-notice:create","3","5867","","","false"
"5870","更新发货通知","mes:wm-sales-notice:update","3","5867","","","false"
"5871","删除发货通知","mes:wm-sales-notice:delete","3","5867","","","false"
"5872","导出发货通知","mes:wm-sales-notice:export","3","5867","","","false"
"5873","外协入库","","2","5780","outsource-receipt","mes/wm/outsourcereceipt/index","false"
"5874","外协入库单查询","mes:wm-outsource-receipt:query","3","5873","","","false"
"5875","外协入库单新增","mes:wm-outsource-receipt:create","3","5873","","","false"
"5876","外协入库单修改","mes:wm-outsource-receipt:update","3","5873","","","false"
"5877","外协入库单删除","mes:wm-outsource-receipt:delete","3","5873","","","false"
"5878","外协入库单导出","mes:wm-outsource-receipt:export","3","5873","","","false"
"5879","外协入库单完成","mes:wm-outsource-receipt:finish","3","5873","","","false"
"5881","外协发料","","2","5780","outsource-issue","mes/wm/outsourceissue/index","false"
"5882","外协发料单查询","mes:wm-outsource-issue:query","3","5881","","","false"
"5883","外协发料单新增","mes:wm-outsource-issue:create","3","5881","","","false"
"5884","外协发料单修改","mes:wm-outsource-issue:update","3","5881","","","false"
"5885","外协发料单删除","mes:wm-outsource-issue:delete","3","5881","","","false"
"5886","外协发料单导出","mes:wm-outsource-issue:export","3","5881","","","false"
"5887","外协发料单执行出库","mes:wm-outsource-issue:execute","3","5881","","","false"
"5888","杂项入库","","2","5780","misc-receipt","mes/wm/miscreceipt/index","false"
"5889","杂项入库查询","mes:wm:misc-receipt:query","3","5888","","","false"
"5890","杂项入库创建","mes:wm:misc-receipt:create","3","5888","","","false"
"5891","杂项入库更新","mes:wm:misc-receipt:update","3","5888","","","false"
"5892","杂项入库删除","mes:wm:misc-receipt:delete","3","5888","","","false"
"5893","杂项入库提交","mes:wm:misc-receipt:submit","3","5888","","","false"
"5894","杂项入库执行","mes:wm:misc-receipt:finish","3","5888","","","false"
"5895","杂项入库取消","mes:wm:misc-receipt:cancel","3","5888","","","false"
"5896","杂项入库导出","mes:wm:misc-receipt:export","3","5888","","","false"
"5897","SN 码","","2","5780","sn","mes/wm/sn/index","false"
"5898","SN 码查询","mes:wm-sn:query","3","5897","","","false"
"5899","SN 码生成","mes:wm-sn:create","3","5897","","","false"
"5900","SN 码删除","mes:wm-sn:delete","3","5897","","","false"
"5901","SN 码导出","mes:wm-sn:export","3","5897","","","false"
"5906","条码配置","","2","5780","barcode/config","mes/wm/barcode/config/index","false"
"5907","条码配置查询","mes:wm-barcode-config:query","3","5906","","","false"
"5908","条码配置创建","mes:wm-barcode-config:create","3","5906","","","false"
"5909","条码配置更新","mes:wm-barcode-config:update","3","5906","","","false"
"5910","条码配置删除","mes:wm-barcode-config:delete","3","5906","","","false"
"5911","赋能管理","","2","5780","barcode","mes/wm/barcode/index","false"
"5912","条码清单查询","mes:wm-barcode:query","3","5911","","","false"
"5913","条码清单创建","mes:wm-barcode:create","3","5911","","","false"
"5914","条码清单更新","mes:wm-barcode:update","3","5911","","","false"
"5915","条码清单删除","mes:wm-barcode:delete","3","5911","","","false"
"5916","条码清单导出","mes:wm-barcode:export","3","5911","","","false"
"5917","装箱管理","","2","5780","packages","mes/wm/packages/index","false"
"5918","装箱管理查询","mes:wm-package:query","3","5917","","","false"
"5919","装箱管理新增","mes:wm-package:create","3","5917","","","false"
"5920","装箱管理修改","mes:wm-package:update","3","5917","","","false"
"5921","装箱管理删除","mes:wm-package:delete","3","5917","","","false"
"5922","转移调拨","","2","5780","transfer","mes/wm/transfer/index","false"
"5923","调拨单查询","mes:wm-transfer:query","3","5922","","","false"
"5924","调拨单新增","mes:wm-transfer:create","3","5922","","","false"
"5925","调拨单修改","mes:wm-transfer:update","3","5922","","","false"
"5926","调拨单删除","mes:wm-transfer:delete","3","5922","","","false"
"5927","调拨单导出","mes:wm-transfer:export","3","5922","","","false"
"5928","调拨单提交","mes:wm-transfer:submit","3","5922","","","false"
"5929","调拨单确认","mes:wm-transfer:confirm","3","5922","","","false"
"5930","调拨单完成","mes:wm-transfer:finish","3","5922","","","false"
"5931","调拨单取消","mes:wm-transfer:cancel","3","5922","","","false"
"5950","库存盘点","","1","5780","stock-taking","","false"
"5951","盘点方案","","2","5950","plan","mes/wm/stocktaking/plan/index","false"
"5952","盘点方案查询","mes:wm-stock-taking-plan:query","3","5951","","","false"
"5953","盘点方案创建","mes:wm-stock-taking-plan:create","3","5951","","","false"
"5954","盘点方案更新","mes:wm-stock-taking-plan:update","3","5951","","","false"
"5955","盘点方案删除","mes:wm-stock-taking-plan:delete","3","5951","","","false"
"5956","盘点方案导出","mes:wm-stock-taking-plan:export","3","5951","","","false"
"5957","盘点任务","","2","5950","task","mes/wm/stocktaking/task/index","false"
"5958","盘点任务查询","mes:wm-stock-taking-task:query","3","5957","","","false"
"5959","盘点任务创建","mes:wm-stock-taking-task:create","3","5957","","","false"
"5960","盘点任务更新","mes:wm-stock-taking-task:update","3","5957","","","false"
"5961","盘点任务删除","mes:wm-stock-taking-task:delete","3","5957","","","false"
"5962","盘点任务导出","mes:wm-stock-taking-task:export","3","5957","","","false"
"5966","批次追溯","","2","5500","batch-trace","mes/qc/batchtrace/index","false"
"5967","批次追溯查询","mes:wm-batch:query","3","5966","","","false"
"5969","报告审批","mes:pro-feedback:approve","3","5550","","","false"
"5970","销售出库","","2","5780","product-sales","mes/wm/productsales/index","false"
"5971","查询销售出库","mes:wm-product-sales:query","3","5970","","","false"
"5972","创建销售出库","mes:wm-product-sales:create","3","5970","","","false"
"5973","更新销售出库","mes:wm-product-sales:update","3","5970","","","false"
"5974","删除销售出库","mes:wm-product-sales:delete","3","5970","","","false"
"5975","导出销售出库","mes:wm-product-sales:export","3","5970","","","false"
"5976","提交销售出库","mes:wm-product-sales:submit","3","5970","","","false"
"5977","执行拣货","mes:wm-product-sales:stock","3","5970","","","false"
"5978","填写运单","mes:wm-product-sales:shipping","3","5970","","","false"
"5979","执行出库","mes:wm-product-sales:finish","3","5970","","","false"
"5980","取消销售出库","mes:wm-product-sales:cancel","3","5970","","","false"
"5981","工作记录","","2","5700","workrecord","mes/pro/workrecord/index","false"
"5982","工作记录查询","mes:pro-workrecord:query","3","5981","","","false"
"5983","工作记录导出","mes:pro-workrecord:export","3","5981","","","false"
"5984","上工下工","mes:pro-workrecord:clock","3","5981","","","false"
"5985","MES 首页","mes:home:query","2","5100","mes/home/index","mes/home/index","false"
"6400","WMS 系统","","1","0","/wms","","false"
"6401","基础数据","","1","6400","md","","false"
"6402","仓库管理","","2","6401","warehouse","wms/md/warehouse/index","false"
"6403","仓库查询","wms:warehouse:query","3","6402","","","false"
"6404","仓库创建","wms:warehouse:create","3","6402","","","false"
"6405","仓库更新","wms:warehouse:update","3","6402","","","false"
"6406","仓库删除","wms:warehouse:delete","3","6402","","","false"
"6411","商品品牌","","2","6401","item/brand","wms/md/item/brand/index","false"
"6412","品牌查询","wms:item-brand:query","3","6411","","","false"
"6413","品牌创建","wms:item-brand:create","3","6411","","","false"
"6414","品牌更新","wms:item-brand:update","3","6411","","","false"
"6415","品牌删除","wms:item-brand:delete","3","6411","","","false"
"6416","品牌导出","wms:item-brand:export","3","6411","","","false"
"6417","仓库导出","wms:warehouse:export","3","6402","","","false"
"6419","商品分类","","2","6401","item/category","wms/md/item/category/index","false"
"6420","分类查询","wms:item-category:query","3","6419","","","false"
"6421","分类创建","wms:item-category:create","3","6419","","","false"
"6422","分类更新","wms:item-category:update","3","6419","","","false"
"6423","分类删除","wms:item-category:delete","3","6419","","","false"
"6424","商品管理","","2","6401","item","wms/md/item/index","false"
"6425","商品查询","wms:item:query","3","6424","","","false"
"6426","商品创建","wms:item:create","3","6424","","","false"
"6427","商品更新","wms:item:update","3","6424","","","false"
"6428","商品删除","wms:item:delete","3","6424","","","false"
"6429","商品导出","wms:item:export","3","6424","","","false"
"6430","往来企业","","2","6401","merchant","wms/md/merchant/index","false"
"6431","往来企业查询","wms:merchant:query","3","6430","","","false"
"6432","往来企业创建","wms:merchant:create","3","6430","","","false"
"6433","往来企业更新","wms:merchant:update","3","6430","","","false"
"6434","往来企业删除","wms:merchant:delete","3","6430","","","false"
"6435","往来企业导出","wms:merchant:export","3","6430","","","false"
"6440","库存管理","","1","6400","inventory","","false"
"6441","库存统计","","2","6440","index","wms/inventory/index/index","false"
"6442","库存统计查询","wms:inventory:query","3","6441","","","false"
"6445","库存流水","","2","6440","history","wms/inventory/history/index","false"
"6446","库存流水查询","wms:inventory-history:query","3","6445","","","false"
"6451","入库管理","","2","6400","receipt","wms/order/receipt/index","false"
"6452","入库单查询","wms:receipt-order:query","3","6451","","","false"
"6453","入库单创建","wms:receipt-order:create","3","6451","","","false"
"6454","入库单更新","wms:receipt-order:update","3","6451","","","false"
"6455","入库单删除","wms:receipt-order:delete","3","6451","","","false"
"6456","入库单完成入库","wms:receipt-order:complete","3","6451","","","false"
"6457","入库单作废","wms:receipt-order:cancel","3","6451","","","false"
"6458","入库单导出","wms:receipt-order:export","3","6451","","","false"
"6461","出库管理","","2","6400","shipment","wms/order/shipment/index","false"
"6462","出库单查询","wms:shipment-order:query","3","6461","","","false"
"6463","出库单创建","wms:shipment-order:create","3","6461","","","false"
"6464","出库单更新","wms:shipment-order:update","3","6461","","","false"
"6465","出库单删除","wms:shipment-order:delete","3","6461","","","false"
"6466","出库单完成出库","wms:shipment-order:complete","3","6461","","","false"
"6467","出库单作废","wms:shipment-order:cancel","3","6461","","","false"
"6468","出库单导出","wms:shipment-order:export","3","6461","","","false"
"6470","移库管理","","2","6400","movement","wms/order/movement/index","false"
"6471","移库单查询","wms:movement-order:query","3","6470","","","false"
"6472","移库单创建","wms:movement-order:create","3","6470","","","false"
"6473","移库单更新","wms:movement-order:update","3","6470","","","false"
"6474","移库单删除","wms:movement-order:delete","3","6470","","","false"
"6475","移库单完成移库","wms:movement-order:complete","3","6470","","","false"
"6476","移库单作废","wms:movement-order:cancel","3","6470","","","false"
"6477","移库单导出","wms:movement-order:export","3","6470","","","false"
"6480","盘库管理","","2","6400","check","wms/order/check/index","false"
"6481","盘库单查询","wms:check-order:query","3","6480","","","false"
"6482","盘库单创建","wms:check-order:create","3","6480","","","false"
"6483","盘库单更新","wms:check-order:update","3","6480","","","false"
"6484","盘库单删除","wms:check-order:delete","3","6480","","","false"
"6485","盘库单完成盘库","wms:check-order:complete","3","6480","","","false"
"6486","盘库单作废","wms:check-order:cancel","3","6480","","","false"
"6487","盘库单导出","wms:check-order:export","3","6480","","","false"
"6490","WMS 首页","wms:home:query","2","6400","home","wms/home/index","false"
"6500","IM 即时通讯","","1","0","/im","","false"
"6510","数据统计","im:manager:statistics:query","2","6500","statistics","im/manager/statistics/index","false"
"6515","好友申请","im:manager:friend-request:query","2","6600","friend-request","im/manager/friend/request/index","false"
"6520","好友列表","im:manager:friend:list","2","6600","friend","im/manager/friend/index","false"
"6521","好友查询","im:manager:friend:query","3","6520","","","false"
"6530","好友消息","im:manager:message:private:list","2","6600","message","im/manager/message/private/index","false"
"6531","私聊消息查询","im:manager:message:query","3","6530","","","false"
"6540","群聊列表","im:manager:group:list","2","6610","list","im/manager/group/index","false"
"6541","群组查询","im:manager:group:query","3","6540","","","false"
"6542","群组封禁/解封","im:manager:group:ban","3","6540","","","false"
"6545","群聊申请","im:manager:group-request:query","2","6610","request","im/manager/group/request/index","false"
"6550","群聊消息","im:manager:message:group:list","2","6610","message","im/manager/message/group/index","false"
"6551","群聊消息查询","im:manager:message:query","3","6550","","","false"
"6560","敏感词管理","im:manager:sensitive-word:list","2","6500","sensitive-word","im/manager/sensitiveword/index","false"
"6561","敏感词查询","im:manager:sensitive-word:query","3","6560","","","false"
"6562","敏感词新增","im:manager:sensitive-word:create","3","6560","","","false"
"6563","敏感词修改","im:manager:sensitive-word:update","3","6560","","","false"
"6564","敏感词删除","im:manager:sensitive-word:delete","3","6560","","","false"
"6570","表情管理","","1","6500","face","","false"
"6571","系统表情","im:manager:face-pack:list","2","6570","pack","im/manager/face/pack/index","false"
"6572","表情包查询","im:manager:face-pack:query","3","6571","","","false"
"6573","表情包创建","im:manager:face-pack:create","3","6571","","","false"
"6574","表情包修改","im:manager:face-pack:update","3","6571","","","false"
"6575","表情包删除","im:manager:face-pack:delete","3","6571","","","false"
"6576","表情图查询","im:manager:face-pack-item:query","3","6571","","","false"
"6577","表情图创建","im:manager:face-pack-item:create","3","6571","","","false"
"6578","表情图修改","im:manager:face-pack-item:update","3","6571","","","false"
"6579","表情图删除","im:manager:face-pack-item:delete","3","6571","","","false"
"6580","用户表情","im:manager:face-user-item:list","2","6570","user-item","im/manager/face/userItem/index","false"
"6581","用户表情查询","im:manager:face-user-item:query","3","6580","","","false"
"6582","用户表情删除","im:manager:face-user-item:delete","3","6580","","","false"
"6600","私聊管理","","1","6500","private","","false"
"6610","群聊管理","","1","6500","group","","false"
"6611","通话记录","","2","6500","rtc","im/manager/rtc/index","false"
"6612","通话记录查询","im:manager:rtc:query","3","6611","","","false"
"6700","频道管理","","1","6500","channel","","false"
"6710","频道列表","","2","6700","list","im/manager/channel/list/index","false"
"6711","频道查询","im:manager:channel:query","3","6710","","","false"
"6712","频道创建","im:manager:channel:create","3","6710","","","false"
"6713","频道修改","im:manager:channel:update","3","6710","","","false"
"6714","频道删除","im:manager:channel:delete","3","6710","","","false"
"6720","频道素材","","2","6700","material","im/manager/channel/material/index","false"
"6721","素材查询","im:manager:channel-material:query","3","6720","","","false"
"6722","素材创建","im:manager:channel-material:create","3","6720","","","false"
"6723","素材修改","im:manager:channel-material:update","3","6720","","","false"
"6724","素材删除","im:manager:channel-material:delete","3","6720","","","false"
"6730","频道消息","","2","6700","message","im/manager/channel/message/index","false"
"6734","解散群","im:manager:group:dissolve","3","6540","","","false"
